Дата ;о_Санкт-Петербург;o_Адмиралтейский;o_Васимлеостровский;o_Всеволожский;o_Выборгский;o_Калининский;o_Кировский;o_Колпинский;o_Красногвардейский;o_Красносельский;o_Кронштадтский;o_Курортный;o_Московский;o_Невский;o_Ленобласть;o_Петроградский;o_Петродворцовый;o_Приморский;o_Пушкинский;o_Фрунзенский;o_Центральный;р_Санкт-Петербург;p_Адмиралтейский;p_Василеостровский;p_Всеволожский;p_Выборгский;p_Калининский;p_Кировский ;p_Колпинский;p_Красногвардейский;p_Красносельский;p_Кронштадтский;p_Курортный;p_Московский;p_Невский;p_ЛЕНОБЛАСТЬ;p_Петроградский;p_Петродворцовый ;p_Приморский;p_Пушкинский;p_Фрунзенский ;p_Центральный
ijul'05;33.1;34.634;36.628;22.706;32.037;30.063;30.996;24.812;30.669;27.494;23.851;33.789;35.968;29.963;18.997;38.383;29.215;32.555;36.61;29.519;41.067;27.996;39.509;35.55;19.536;27.644;26.494;27.007;0.0;26.027;24.263;0.0;0.0;31.121;25.345;17.ноя;53.817;0.0;26.973;0.0;24.132;47.985
avg'05;33.025;34.364;36.719;22.497;32.134;30.132;31.043;24.752;30.434;27.401;23.533;33.734;36.433;29.918;18.977;38.387;27.966;32.492;35.261;29.098;41.524;27.845;39.746;35.352;19.411;27.452;26.221;27.087;0.0;25.229;24.092;0.0;0.0;30.592;24.985;16.52;53.892;0.0;26.721;0.0;24.199;48.975
sen'05;33.091;34.544;36.474;22.756;32.45;30.27;31.175;24.848;30.375;27.324;22.401;34.916;36.393;29.942;19.178;38.967;27.82;32.498;36.158;29.529;41.388;27.868;43.433;36.588;20.184;27.56;26.175;27.58;0.0;25.131;24.201;0.0;0.0;30.418;25.354;18.471;53.399;0.0;27.318;0.0;24.101;50.598
okt'05;33.49;35.001;37.332;22.894;32.753;30.751;31.225;25.028;30.871;27.56;22.698;35.469;37.348;30.374;19.369;39.323;28.408;33.089;36.164;29.83;41.969;28.068;45.718;37.518;19.766;27.781;26.272;27.789;0.0;25.115;24.279;0.0;0.0;30.263;25.425;18.767;54.69;0.0;27.402;0.0;24.362;52.066
noja'05;34.067;35.878;37.748;23.132;33.344;31.23;31.734;25.346;31.365;28.188;22.762;35.802;37.679;30.672;19.35;39.846;28.647;33.799;39.857;30.17;42.435;28.608;45.822;38.559;20.013;28.504;26.683;28.504;0.0;26.015;24.791;0.0;0.0;31.365;26.май;18.138;54.998;0.0;27.65;0.0;24.586;51.957
dek'05;34.57;35.536;38.388;23.301;33.825;31.731;32.013;25.467;31.957;28.488;22.395;35.795;38.587;31.117;19.517;40.63;29.443;34.427;39.053;30.482;42.717;29.043;46.442;36.789;20.125;28.609;26.736;28.819;0.0;26.292;26.139;0.0;0.0;32.549;26.272;18.907;56.167;0.0;28.076;0.0;25.069;53.317
janv'06;34.651;35.367;37.879;23.585;33.814;31.559;31.903;25.435;31.866;28.582;23.163;34.125;38.866;30.755;18.463;41.508;28.405;34.501;33.583;30.мар;43.155;28.918;48.55;36.251;20.54;28.781;26.907;28.829;22.453;26.519;25.958;0.0;28.314;32.105;26.484;18.48;60.544;22.031;28.259;24.77;24.752;57.006
fev'06;36.033;35.818;38.587;24.185;34.527;32.195;32.291;25.953;32.329;29.046;23.117;34.195;39.523;31.25;18.626;41.942;28.682;35.213;33.853;30.939;43.638;29.705;49.6;36.34;20.786;28.812;27.18;28.688;21.666;26.429;26.246;0.0;30.319;31.651;26.678;18.738;63.004;22.195;28.502;26.461;25.052;57.183
mar'06;36.776;36.759;39.488;24.197;35.735;33.039;32.869;26.324;33.186;29.996;23.546;34.405;39.952;32.069;18.58;42.929;28.24;36.07;33.919;31.874;44.399;30.649;49.979;36.614;20.854;29.022;27.433;28.958;21.407;26.616;26.637;0.0;28.209;31.491;28.043;18.932;62.919;22.351;29.595;24.767;25.088;60.538
apr'06;38.425;37.856;40.723;24.863;37.831;34.823;34.486;27.078;34.746;31.669;23.681;34.939;41.443;33.765;18.397;43.884;29.207;37.928;35.103;33.427;45.562;32.22;50.509;38.272;21.283;30.863;29.098;31.307;22.325;27.821;27.278;0.0;29.36;34.891;29.744;18.321;68.587;22.703;31.221;25.49;25.647;60.062
maj'06;40.458;39.808;42.513;25.069;40.436;37.065;36.711;28.318;36.936;33.796;25.283;35.73;44.104;35.712;18.343;45.271;30.003;40.118;35.735;35.508;47.219;35.89;51.186;41.991;22.442;34.809;32.198;35.61;23.436;31.874;28.123;0.0;29.426;38.881;31.762;20.371;78.693;22.883;34.739;24.227;27.583;59.021
ijun'06;44.852;44.22;46.511;27.387;44.542;41.9;41.962;31.957;41.61;37.416;28.386;38.423;48.633;41.232;19.26;50.029;33.136;44.835;38.73;40.068;51.937;39.961;49.693;45.213;24.95;38.443;35.937;40.694;25.91;35.822;32.856;0.0;31.225;42.92;36.914;19.405;80.601;25.176;38.217;25.38;31.227;66.007
ijul'06;52.055;51.485;53.759;31.548;51.81;49.52;49.248;38.387;48.98;44.395;34.981;42.118;56.904;48.113;20.627;58.023;38.251;52.574;44.2;47.255;59.574;45.396;60.951;50.839;27.531;43.571;41.693;43.504;28.063;41.199;35.325;0.0;35.214;47.724;42.348;22.031;82.301;25.156;43.907;28.769;35.734;79.295
avg'06;60.234;59.692;62.125;38.236;61.015;58.02;57.643;46.029;57.237;51.831;41.659;51.503;65.069;56.617;23.596;67.161;45.29;60.683;51.241;57.169;68.445;52.366;58.344;62.853;34.467;54.062;49.868;46.815;35.553;45.542;39.824;0.0;42.454;53.33;48.549;25.872;93.3;30.291;49.762;33.401;41.723;80.792
sen'06;66.254;67.535;69.987;43.527;67.074;63.729;63.584;50.476;63.806;58.011;47.674;57.166;71.628;62.389;28.002;72.875;52.54;67.309;57.211;62.126;75.208;56.988;75.834;69.431;37.68;60.013;55.972;56.349;34.206;50.117;45.55;0.0;46.696;59.374;52.288;28.399;98.173;46.587;55.838;35.594;46.308;90.732
okt'06;68.855;70.443;74.715;46.663;69.135;65.937;66.026;51.317;65.75;60.179;49.825;60.349;74.101;64.333;31.571;76.67;54.867;69.8;60.37;64.035;79.141;58.205;81.776;73.484;38.403;60.239;56.813;57.692;40.808;53.762;47.1;0.0;47.925;59.993;54.142;28.629;100.125;47.476;57.977;35.442;47.107;94.39
noja'06;68.653;71.582;75.625;47.704;68.716;65.33;65.572;51.362;65.418;59.719;50.191;61.154;73.364;63.514;32.555;76.81;55.659;69.412;61.421;63.373;80.045;58.454;87.731;74.534;39.294;60.501;56.501;58.029;38.595;54.169;48.563;0.0;49.455;58.341;54.352;31.969;101.011;46.508;57.06;35.513;48.182;96.221
dek'06;68.115;72.014;75.434;47.473;67.637;64.143;64.732;50.3;64.668;59.514;48.715;61.98;72.602;63.034;32.593;77.293;55.741;68.517;59.897;62.364;80.026;57.219;82.597;77.768;39.068;56.775;55.371;56.073;33.396;53.345;49.44;0.0;48.784;58.227;53.532;31.573;102.097;50.153;55.004;35.638;47.52;97.258
janv'07;69.691;73.653;77.444;49.192;69.304;65.45;66.049;50.901;66.177;60.571;49.38;62.796;74.407;64.498;38.022;79.066;56.689;70.251;60.943;63.328;81.834;58.087;85.049;76.186;39.728;57.401;56.539;56.849;35.031;55.493;47.707;0.0;49.528;58.592;53.231;31.528;106.251;53.203;56.541;35.396;48.095;100.94
fev'07;70.166;73.793;78.514;49.724;69.465;65.7;66.706;51.141;66.516;60.759;49.226;62.849;74.877;64.79;38.97;79.767;57.396;70.847;61.537;63.465;83.18;58.165;88.756;76.077;39.152;58.877;56.606;57.031;33.998;55.758;48.914;0.0;50.552;57.939;54.944;33.28;108.15;52.601;57.415;37.024;47.805;102.849
mar'07;70.129;74.153;79.797;50.038;69.24;65.59;66.431;50.76;66.559;60.491;48.816;63.331;74.592;64.504;39.649;80.192;57.735;70.8;62.705;63.601;83.399;58.038;86.976;80.131;39.555;58.095;56.699;56.273;34.907;57.127;48.481;0.0;51.327;57.393;56.654;33.114;109.831;54.395;55.931;36.853;48.102;105.336
apr'07;70.475;74.174;79.456;50.413;69.482;65.699;66.614;50.665;66.399;59.781;49.628;63.334;74.873;64.449;39.348;79.267;57.939;70.534;63.265;63.333;82.779;58.538;0.0;78.885;38.485;58.545;55.571;55.757;35.178;56.505;50.122;0.0;50.908;59.241;55.676;33.205;111.518;55.669;55.481;36.314;48.804;109.812
maj'07;71.031;74.08;78.904;50.212;70.418;65.402;66.36;50.464;66.628;59.801;49.831;63.973;75.878;64.513;36.314;79.48;58.815;70.498;64.721;63.317;83.525;58.901;0.0;77.892;38.834;58.926;55.806;55.852;35.127;53.565;48.623;0.0;51.146;59.518;57.396;32.892;113.204;53.766;56.778;36.581;48.746;113.135
ijun'07;71.762;74.749;80.262;50.177;71.17;65.629;67.383;50.904;67.321;61.003;49.782;65.486;75.925;65.3;35.842;79.204;58.033;71.575;64.901;63.688;81.592;62.73;0.0;85.039;42.524;64.644;59.941;58.755;38.525;61.941;52.373;52.557;58.104;62.968;60.657;37.326;125.392;55.309;60.666;40.013;51.831;120.113
ijul'07;72.322;75.855;80.807;49.993;71.233;66.512;67.949;51.5;67.754;62.002;49.956;65.97;76.179;65.498;34.146;79.718;58.882;72.064;66.093;64.348;82.526;63.694;0.0;84.468;42.954;65.323;59.721;59.864;38.078;61.396;53.232;52.975;59.614;64.882;59.257;39.733;124.926;54.767;61.441;39.968;52.88;128.396
avg'07;73.36;76.739;81.476;50.526;72.436;67.075;68.866;52.453;68.935;61.471;51.344;67.468;76.979;66.226;34.319;81.319;59.004;72.838;66.613;64.442;85.241;63.846;0.0;84.183;43.018;65.403;60.136;59.51;41.311;62.903;52.29;52.4;61.994;65.806;59.838;40.936;132.444;55.429;61.39;41.465;53.416;131.671
sen'07;74.413;77.913;81.657;51.061;73.477;68.247;70.035;52.739;69.829;62.627;51.639;68.644;78.39;67.094;34.005;81.618;60.854;73.973;68.233;65.565;85.779;65.524;0.0;88.065;43.655;67.042;61.144;61.597;39.121;63.479;52.599;52.535;63.341;67.824;59.821;41.328;135.392;52.754;61.503;42.447;54.961;131.294
okt'07;75.952;79.664;83.08;51.404;74.691;69.931;70.656;53.195;70.631;64.378;53.311;69.093;80.121;68.151;35.009;84.308;61.874;75.004;69.241;66.665;87.814;66.198;0.0;89.521;44.38;68.091;62.328;61.214;40.104;65.79;52.827;52.65;65.695;67.279;59.916;41.87;132.449;54.328;62.538;41.087;55.188;132.655
noja'07;77.483;81.075;84.28;51.096;75.875;71.382;71.565;54.301;71.933;65.241;54.739;69.851;81.844;69.232;35.56;85.781;63.218;76.195;69.541;67.605;89.576;67.519;0.0;87.441;44.535;67.623;64.75;61.092;40.237;64.764;53.645;52.52;66.588;68.021;60.318;41.851;134.221;52.156;63.209;41.943;55.972;136.291
dek'07;79.789;83.414;85.809;51.602;78.441;74.093;73.419;56.371;74.865;66.953;56.706;71.409;84.102;71.276;35.792;87.864;63.978;77.561;71.794;69.031;91.707;69.082;0.0;89.064;45.015;68.82;68.323;62.103;43.268;69.599;52.907;52.718;69.992;71.497;61.047;41.918;134.564;56.959;65.738;43.114;58.137;138.149
janv'08;82.052;85.813;88.202;53.707;81.068;77.207;75.746;58.461;77.775;69.355;59.695;73.228;87.413;74.309;37.728;89.928;66.275;80.127;74.213;72.483;94.656;71.756;0.0;88.176;46.25;72.024;72.396;64.904;0.0;73.113;53.368;0.0;0.0;76.871;63.168;42.136;136.681;57.0;68.643;44.285;60.377;139.83
fev'08;87.035;90.459;92.179;56.575;86.151;81.335;80.159;63.943;82.858;73.305;64.158;74.57;91.482;79.223;40.293;94.027;68.897;84.954;77.335;76.732;99.25;76.416;0.0;90.242;48.604;75.858;75.498;68.22;0.0;75.688;60.458;0.0;0.0;80.771;66.744;44.072;128.987;57.041;71.178;45.457;62.926;143.1
mar'08;92.595;94.975;98.267;61.706;92.6;86.315;85.864;70.725;88.802;78.682;66.779;78.792;97.495;84.538;41.698;99.044;74.298;90.593;82.81;82.004;102.824;82.038;0.0;96.475;52.771;82.23;81.214;73.887;0.0;85.336;64.273;0.0;0.0;89.621;71.722;46.465;141.325;57.082;76.869;46.628;69.286;145.47
apr'08;97.362;99.967;103.854;66.101;97.475;92.544;90.067;74.211;94.204;83.85;68.625;82.201;102.425;89.467;43.861;103.47;79.171;95.76;86.318;87.731;107.097;85.985;142.424;100.206;56.222;82.99;87.352;78.22;51.066;94.795;68.049;58.0;72.361;96.268;76.224;46.696;139.173;57.024;80.912;53.025;74.516;144.154
maj'08;100.175;101.952;106.572;68.917;99.139;95.527;92.786;75.878;96.014;86.666;70.194;85.366;106.154;91.565;44.454;108.118;80.038;97.885;89.861;90.245;111.317;87.915;153.451;100.598;57.592;84.384;89.443;79.886;0.0;97.682;68.813;58.0;74.106;95.152;79.451;48.582;139.103;60.515;81.472;56.633;76.648;152.03
ijun'08;102.202;103.883;109.092;70.743;100.921;96.947;94.443;77.283;98.24;88.56;72.963;85.978;107.853;94.139;45.845;111.212;81.741;100.331;91.269;92.449;113.27;88.023;153.544;101.515;59.79;86.349;90.925;80.824;0.0;95.416;69.927;0.0;77.517;92.185;79.994;49.201;141.352;67.243;81.797;54.784;78.325;151.724
ijul'08;103.494;106.169;110.361;72.343;102.487;97.92;95.649;79.334;99.762;90.039;74.297;88.413;109.128;95.973;46.908;113.827;82.451;101.377;89.821;93.309;115.463;89.154;160.0;104.478;59.096;87.582;91.091;81.158;0.0;95.722;70.688;0.0;78.081;94.109;80.885;46.248;144.176;62.197;82.348;71.349;79.717;153.468
avg'08;105.482;109.079;114.095;73.331;104.842;98.906;96.775;79.941;101.903;90.046;77.699;89.582;110.001;98.412;48.11;117.755;82.99;103.694;92.328;94.735;118.775;90.073;0.0;104.469;59.758;87.198;89.665;82.256;0.0;97.58;71.638;0.0;78.976;95.74;81.922;49.711;146.209;68.479;83.026;73.257;81.871;161.872
sen'08;107.935;111.634;116.339;75.203;106.186;100.111;98.881;80.941;102.354;91.925;81.637;91.302;113.624;99.229;49.733;122.55;84.685;105.505;95.97;96.399;123.279;90.62;164.477;106.038;60.697;87.471;90.393;82.107;0.0;97.106;72.405;0.0;78.017;96.503;82.249;49.895;154.903;63.032;83.448;73.293;83.254;160.385
okt'08;107.105;112.614;116.55;74.482;104.913;99.353;98.234;81.125;101.434;90.96;81.331;92.143;111.281;98.46;50.822;124.709;84.697;103.549;95.766;96.11;125.352;90.427;160.001;110.693;59.607;89.315;90.457;82.052;0.0;96.199;71.087;0.0;79.142;94.924;80.413;51.35;156.543;61.714;83.011;70.536;82.936;159.135
noja'08;104.86;112.958;114.468;73.176;102.4;96.752;95.833;79.778;98.296;89.782;80.752;90.221;109.836;95.403;49.728;123.615;84.116;100.763;94.077;93.028;124.291;89.073;0.0;111.545;59.244;87.57;87.455;79.559;0.0;96.152;69.392;0.0;76.919;92.207;80.305;50.921;157.272;65.745;81.136;62.397;80.045;164.999
dek'08;100.762;110.483;110.93;70.485;97.849;92.409;91.181;76.46;94.602;85.415;77.277;84.864;104.709;91.243;48.228;121.063;80.464;96.254;90.627;89.714;121.829;85.417;129.176;105.216;56.995;85.064;83.73;77.082;49.791;92.03;67.874;0.0;73.9;87.825;77.187;50.45;152.684;59.99;79.217;61.68;76.932;159.635
janv'09;98.01;106.494;107.8;68.434;95.369;89.439;88.949;74.382;91.501;81.961;72.818;81.861;102.3;89.094;48.923;117.48;78.866;93.42;88.079;87.141;119.3;84.697;128.774;107.159;55.805;82.265;80.183;74.199;49.546;93.129;68.052;0.0;74.898;85.018;75.477;51.615;153.53;60.405;77.785;57.717;76.987;154.615
fev'09;95.997;103.834;106.055;67.92;93.307;87.767;88.645;71.84;89.122;81.144;71.562;81.15;100.215;86.04;47.517;115.877;76.472;91.919;86.711;85.193;117.245;83.297;117.704;107.067;55.214;80.419;78.995;72.071;0.0;89.404;67.106;0.0;76.734;82.263;74.746;49.918;145.826;63.162;77.978;59.471;77.246;145.8
mar'09;94.029;101.396;105.202;65.857;91.251;86.071;86.323;69.657;87.897;77.603;71.494;80.462;97.289;84.053;46.148;115.153;75.234;90.227;84.753;83.314;116.035;82.917;126.643;105.313;54.233;75.901;76.343;71.107;0.0;86.018;65.939;0.0;76.502;80.146;73.765;50.085;145.672;63.703;76.413;57.752;74.674;148.471
apr'09;91.388;99.092;102.021;63.764;89.409;83.259;82.821;66.884;85.379;76.602;69.736;79.601;94.177;81.815;44.517;113.65;73.129;87.239;83.342;80.897;113.33;79.828;126.196;101.938;52.496;75.57;76.752;70.769;51.122;86.276;64.036;0.0;74.052;78.648;72.797;49.412;145.033;66.87;74.465;58.28;73.426;158.144
maj'09;89.035;97.056;99.97;62.28;87.139;81.441;80.871;63.866;82.47;74.373;67.549;77.066;91.315;79.736;45.387;110.548;70.592;84.878;82.436;78.803;111.064;77.412;0.0;99.881;51.853;74.954;75.512;69.091;0.0;87.144;62.19;0.0;76.944;77.662;70.475;47.41;142.275;62.329;74.186;57.025;71.803;160.956
ijun'09;86.574;93.246;98.688;59.889;84.974;78.891;79.373;60.926;80.149;72.447;64.915;76.824;89.021;76.709;42.504;109.183;67.909;82.016;79.622;75.883;108.92;75.521;113.375;98.44;51.288;73.119;73.052;68.078;49.51;85.485;61.214;0.0;72.493;74.389;69.576;46.419;135.52;64.554;70.339;55.009;69.006;152.804
ijul'09;83.999;91.309;96.12;57.832;82.305;76.655;76.734;59.638;77.103;69.84;62.193;73.09;85.88;73.821;41.542;107.455;66.475;79.05;76.624;73.673;107.497;75.419;117.618;100.53;50.553;70.534;73.859;66.084;44.18;86.915;60.761;0.0;66.463;72.666;68.236;46.11;133.796;62.785;70.463;52.434;69.777;148.129
avg'09;82.776;88.907;95.125;56.456;80.208;74.993;74.325;57.954;75.875;68.404;60.684;72.698;86.446;72.397;40.698;106.258;66.055;77.683;75.439;71.96;105.047;75.585;115.845;98.911;49.589;72.195;74.816;65.367;42.114;83.818;60.193;0.0;65.702;72.523;66.848;44.607;134.459;60.81;70.032;51.569;68.918;149.502
sen'09;82.321;89.57;94.095;56.03;79.779;75.214;73.648;57.725;75.301;67.068;60.263;72.309;85.378;71.54;39.919;106.355;63.78;77.641;74.754;71.684;104.815;72.38;133.127;92.832;49.429;70.406;70.408;65.15;44.304;83.084;58.781;0.0;69.066;71.459;66.122;45.143;132.797;62.485;68.38;52.235;66.203;151.932
okt'09;81.728;88.486;92.532;55.882;79.458;74.687;73.446;57.423;74.573;66.21;58.791;72.137;85.762;70.736;39.469;105.864;63.343;77.349;73.81;71.421;103.285;72.856;132.841;92.808;48.469;70.229;71.944;65.212;41.042;84.256;59.17;0.0;66.863;71.701;65.391;43.757;131.386;63.593;67.292;50.654;66.685;154.283
noja'09;81.138;88.491;91.988;54.995;78.673;74.516;73.51;57.584;74.146;66.49;58.521;71.579;84.638;70.949;39.041;104.005;61.551;76.702;74.115;70.533;101.881;73.734;135.665;94.981;48.072;69.032;73.547;65.348;0.0;86.315;58.136;0.0;66.859;71.777;66.008;42.441;135.897;65.541;67.427;51.075;65.735;149.21
dek'09;81.072;87.626;92.565;54.758;79.372;74.343;73.062;57.514;74.206;66.154;58.669;71.414;84.484;71.0;38.881;102.238;61.44;76.297;73.536;70.631;100.309;72.929;140.933;92.625;47.908;69.05;73.65;66.405;36.958;84.821;59.586;0.0;70.683;71.474;65.516;41.648;136.857;61.366;66.01;51.127;64.794;141.71
janv'10;81.584;86.567;91.256;54.989;80.4;74.411;73.591;57.877;74.341;66.949;58.793;72.204;86.38;71.707;38.715;102.906;62.096;76.207;74.211;70.568;101.106;72.719;140.284;91.229;49.02;69.604;70.569;65.454;36.808;66.039;58.309;0.0;70.316;72.297;64.182;40.906;136.96;61.259;65.283;53.713;65.443;148.393
fev'10;82.134;87.427;91.088;55.035;80.523;75.366;73.914;58.339;74.417;67.438;59.771;73.334;86.906;72.114;39.304;102.581;62.02;76.65;75.913;70.608;102.44;72.494;143.427;91.067;49.372;69.219;70.174;67.945;0.0;67.47;59.408;0.0;69.212;72.92;64.436;40.658;132.305;67.423;65.662;51.569;65.751;143.71
mar'10;82.172;86.673;92.68;55.299;81.329;75.639;74.393;58.655;74.956;67.423;60.501;71.24;86.683;72.285;39.22;103.824;62.343;76.415;74.309;71.583;103.799;73.309;142.873;92.478;49.163;69.531;70.985;68.262;38.3;68.519;59.793;0.0;67.378;71.487;66.175;40.311;134.13;68.389;66.552;50.385;65.108;133.509
apr'10;82.18;87.795;93.882;54.927;80.437;76.004;74.702;59.488;75.132;67.321;60.955;72.16;87.262;73.006;38.828;104.033;63.294;76.63;73.183;72.161;102.727;72.226;129.448;91.824;49.085;64.929;69.167;69.47;40.282;73.376;60.776;0.0;63.785;72.68;64.615;40.521;130.704;64.523;66.315;50.955;65.911;130.508
maj'10;82.036;87.478;93.678;54.761;80.263;76.389;75.249;59.323;74.993;66.971;59.908;72.332;86.641;73.061;39.003;103.764;63.759;76.046;72.402;72.005;102.589;71.548;0.0;93.158;48.365;66.538;68.722;69.411;41.632;69.784;60.607;0.0;62.129;72.248;63.39;40.932;132.89;65.895;66.115;50.635;66.226;133.303
ijun'10;81.525;86.967;92.073;53.957;80.532;76.106;74.717;59.082;75.464;66.768;59.51;73.928;86.098;72.281;38.471;102.645;63.382;75.487;72.106;72.162;102.492;71.5;0.0;92.795;48.778;64.763;69.047;69.055;39.237;68.185;60.456;0.0;62.489;72.039;62.442;41.433;131.381;64.188;66.144;50.427;65.274;131.5
ijul'10;81.302;87.61;91.431;53.634;79.866;75.71;75.118;59.343;75.1;66.197;60.219;72.292;86.266;71.993;38.486;103.698;63.322;75.592;71.995;72.376;103.381;71.17;0.0;93.024;49.157;63.737;71.208;69.716;38.5;70.039;61.211;0.0;61.555;75.237;63.199;41.981;128.163;65.387;67.246;50.012;66.152;131.291
avg'10;81.733;87.996;93.373;53.522;80.315;75.962;75.029;58.668;75.407;66.59;59.557;73.967;86.224;72.087;38.447;104.686;62.887;75.765;72.485;72.485;103.925;69.829;93.217;91.096;48.96;64.921;68.098;67.557;38.55;69.451;61.089;0.0;60.441;75.437;62.675;41.436;130.483;66.032;65.704;50.522;64.804;131.547
sen'10;82.323;88.628;93.754;54.185;81.354;76.785;75.667;58.95;76.417;67.522;59.739;74.302;87.539;72.899;38.646;103.74;63.545;75.895;73.979;73.317;104.203;70.749;98.722;93.118;48.881;65.68;63.036;70.255;40.823;66.468;61.794;0.0;61.485;75.281;61.661;42.117;130.552;62.575;65.002;49.761;65.188;129.837
okt'10;82.406;87.579;93.298;53.915;81.204;76.496;76.181;58.77;76.053;67.51;59.372;72.131;87.365;73.18;38.876;104.635;63.327;75.964;73.338;73.535;103.512;70.573;89.433;98.754;49.303;66.029;63.032;70.682;39.611;62.814;62.311;0.0;66.144;75.742;62.465;42.708;131.943;66.428;65.037;49.582;63.775;129.226
noja'10;82.436;87.315;93.651;53.878;81.681;76.714;75.701;58.967;76.135;68.35;59.107;72.736;87.81;72.907;39.255;104.008;63.059;76.092;76.714;73.458;102.241;72.025;111.47;98.377;48.971;68.684;67.206;71.622;37.764;65.58;64.683;0.0;65.418;78.016;62.972;42.067;135.256;74.247;66.919;49.721;64.463;127.684
dek'10;82.289;86.749;92.379;54.125;81.569;76.726;75.668;58.596;76.236;68.214;58.195;71.713;87.052;73.328;38.793;104.507;62.553;75.418;75.95;73.543;102.075;70.234;109.835;98.6;49.568;66.614;65.495;70.228;37.511;66.236;63.518;0.0;63.938;76.549;63.451;42.216;128.911;77.298;66.394;49.7;64.512;125.179
janv'11;82.674;86.664;92.99;53.771;82.34;76.678;76.833;59.035;76.404;68.917;58.16;72.671;88.066;73.761;38.846;103.811;62.982;75.833;76.154;73.588;101.001;71.224;106.367;96.054;50.371;68.203;65.022;71.786;37.541;61.68;65.715;0.0;64.406;76.985;65.679;42.181;123.513;82.933;67.22;49.813;64.278;129.908
fev'11;82.803;86.982;92.14;54.204;82.529;77.095;76.261;59.258;76.926;69.84;57.96;72.718;88.054;74.223;39.784;105.195;64.106;76.591;77.145;74.418;101.19;72.026;111.895;96.191;50.027;70.094;68.134;69.196;38.573;61.426;64.339;0.0;61.752;81.047;65.722;42.417;122.064;80.366;67.679;51.54;63.976;130.498
mar'11;83.062;87.021;92.157;54.349;82.945;77.949;76.681;59.367;77.996;69.948;58.447;74.562;88.816;74.421;39.498;102.473;65.166;76.087;78.188;75.33;100.965;72.288;109.206;97.702;51.114;69.454;69.66;70.444;40.954;61.44;65.061;0.0;58.186;82.169;67.189;41.917;121.31;76.604;68.193;51.556;63.378;129.326
apr'11;83.387;86.732;93.039;54.54;82.691;77.591;76.796;59.526;77.648;70.236;58.478;74.222;89.327;74.83;39.663;104.372;64.283;76.609;78.083;75.347;100.992;73.083;125.507;99.615;51.596;68.973;68.723;69.275;40.441;63.478;65.451;0.0;60.944;84.542;68.855;41.279;129.914;82.702;68.444;52.88;64.832;132.611
maj'11;83.393;86.723;92.547;54.38;82.475;77.284;76.693;59.583;77.297;70.171;58.155;76.028;89.37;75.081;39.378;104.448;64.891;76.869;78.546;76.221;99.865;73.745;127.023;101.368;51.675;69.213;68.564;71.531;39.288;63.395;65.366;0.0;60.006;86.627;68.24;42.265;129.441;73.364;68.579;53.756;65.726;132.777
ijun'11;83.434;86.429;92.707;54.464;83.168;77.056;76.892;59.512;77.294;70.712;57.727;74.45;88.799;75.156;39.216;105.304;65.068;76.881;79.162;76.092;100.118;73.814;122.374;100.642;51.919;68.055;69.059;70.524;39.26;64.798;65.943;0.0;60.848;82.971;67.718;43.049;125.216;70.129;69.632;53.96;65.185;134.612
ijul'11;83.889;86.29;93.573;54.568;83.328;77.628;77.433;59.608;77.303;70.655;58.693;75.823;88.65;75.676;38.879;104.928;65.857;78.092;80.137;76.237;101.108;73.61;120.353;101.433;52.459;68.838;69.36;71.229;37.695;61.186;66.61;0.0;65.81;84.422;66.768;42.355;122.138;0.0;71.11;54.869;65.551;137.91
avg'11;84.859;85.86;94.901;55.31;84.861;78.24;77.803;59.841;77.895;71.53;59.364;74.926;90.467;76.218;39.126;108.411;66.593;78.78;81.338;77.383;100.4;73.968;117.211;102.332;52.142;68.789;69.589;70.977;39.52;60.961;65.609;0.0;65.698;87.887;67.602;42.948;116.351;69.652;71.429;55.568;66.98;139.078
sen'11;85.434;86.929;94.881;55.574;85.934;79.001;77.734;60.377;79.187;72.289;59.108;74.816;91.415;77.019;39.405;106.168;67.216;79.583;80.54;78.126;100.609;74.395;120.058;103.928;52.592;69.636;69.046;73.612;39.575;60.101;66.387;0.0;67.182;89.416;67.047;43.598;109.351;64.282;71.743;55.934;66.173;137.307
okt'11;86.333;87.193;95.659;56.372;87.063;79.676;79.148;62.129;79.992;73.01;60.09;75.239;92.906;77.976;39.616;105.423;68.058;80.862;80.114;78.932;101.43;75.877;122.597;106.267;53.156;73.89;71.067;75.698;40.183;63.605;67.708;0.0;66.543;86.352;68.7;44.057;104.236;58.773;71.772;56.236;67.838;140.282
noja'11;87.262;87.469;96.609;57.113;87.8;80.857;79.988;62.852;80.991;74.206;59.956;77.0;94.473;79.009;39.632;104.383;68.347;81.596;82.245;81.004;101.447;75.911;128.351;105.875;53.386;75.306;70.862;72.269;40.501;59.964;68.484;0.0;66.81;83.171;68.716;43.557;107.981;56.363;72.639;57.631;68.226;142.667
dek'11;88.268;88.795;97.132;56.497;88.434;82.531;80.871;63.851;81.473;75.337;62.427;77.077;95.185;79.815;39.34;103.543;69.334;83.425;82.543;82.498;102.038;75.85;126.867;107.262;53.896;75.448;71.671;73.327;40.847;60.418;68.409;0.0;66.808;82.854;69.31;43.382;107.542;57.119;71.97;57.472;69.544;147.915
janv'12;89.189;88.197;96.344;57.147;89.046;84.217;82.031;65.988;82.679;76.102;64.349;80.078;96.471;81.297;39.819;100.874;71.188;83.994;84.012;83.825;102.152;76.762;125.417;109.284;54.137;75.461;72.18;78.3;41.935;62.328;69.589;0.0;64.483;83.452;70.474;44.625;110.72;59.665;72.21;58.582;70.652;149.133
fev'12;90.381;88.902;98.665;58.701;90.463;85.573;84.001;67.879;85.025;78.045;66.385;78.586;97.59;83.527;39.943;102.631;72.45;85.373;82.32;85.769;103.594;77.628;127.312;110.935;54.992;78.39;73.107;76.031;42.324;63.41;69.0;0.0;66.128;82.709;71.114;44.937;116.206;61.891;72.015;60.962;70.217;147.536
mar'12;91.443;89.362;98.97;60.348;91.328;86.807;85.562;68.662;86.611;79.604;68.929;79.185;99.378;84.083;39.987;103.895;75.124;86.763;83.332;87.438;104.246;79.579;120.917;118.181;55.886;78.136;75.828;77.491;43.601;66.983;71.185;0.0;67.067;84.359;73.01;44.447;118.433;64.022;72.541;59.628;71.264;149.175
apr'12;92.407;89.399;99.919;60.77;92.004;88.36;86.72;70.542;87.492;80.806;69.496;80.366;99.202;84.334;40.399;105.6;74.389;88.959;84.127;88.174;104.937;79.706;124.971;125.172;56.545;76.473;76.616;79.462;44.983;67.345;72.257;0.0;70.513;83.923;71.493;45.979;117.338;63.744;74.794;61.48;71.864;152.595
maj'12;92.829;91.034;100.21;61.627;91.258;88.421;87.817;70.947;88.247;82.163;73.057;81.228;100.2;84.858;40.398;109.533;73.71;89.432;84.731;88.88;104.395;79.84;128.672;129.715;57.669;76.834;77.312;76.228;45.455;71.007;72.741;0.0;73.244;84.182;72.35;47.374;122.451;65.84;75.635;62.879;73.111;153.817
ijun'12;93.219;91.465;101.254;61.35;91.408;88.775;87.122;70.83;89.74;82.049;73.456;80.225;100.652;84.717;41.324;111.107;74.315;89.494;85.48;88.867;105.586;80.315;125.958;134.513;58.766;76.809;77.878;76.105;45.092;73.787;73.091;0.0;73.731;85.368;72.854;46.734;123.024;63.511;75.096;63.041;75.396;158.074
ijul'12;94.209;92.922;103.61;62.039;92.017;89.751;87.995;71.448;89.422;83.241;76.023;80.15;102.838;85.365;40.65;111.97;75.158;90.292;89.557;89.275;106.584;80.655;138.146;132.21;59.939;76.118;78.432;73.697;45.705;75.148;75.505;0.0;74.151;88.667;72.861;46.924;128.923;60.992;75.324;62.419;72.849;157.111
avg'12;94.642;93.071;105.606;61.729;92.503;90.286;88.636;71.776;90.427;84.007;76.415;80.276;102.741;85.588;41.962;112.801;75.878;90.298;85.859;90.206;107.499;84.468;135.987;128.872;59.964;78.604;79.826;72.237;45.728;74.478;76.184;0.0;74.138;94.124;74.905;47.526;131.207;64.917;78.227;62.121;75.353;161.451
sen'12;95.052;94.234;106.019;63.346;92.994;91.44;89.771;72.02;90.25;84.49;76.32;81.276;102.924;85.912;42.456;112.769;76.708;90.95;85.654;90.938;107.912;83.95;136.167;124.28;60.738;77.097;77.713;78.394;46.892;72.095;76.555;0.0;70.516;92.551;73.99;48.334;129.201;64.245;79.936;64.511;75.139;160.308
okt'12;94.953;96.162;107.39;64.805;92.267;90.968;89.971;71.585;90.506;83.823;77.755;84.311;102.943;86.813;43.167;111.278;78.095;91.747;85.683;90.57;108.134;84.476;135.952;127.461;60.802;77.078;81.368;77.293;47.806;77.838;77.453;0.0;69.866;91.392;74.279;47.891;128.859;62.228;81.592;63.812;74.201;156.283
noja'12;94.856;95.278;107.495;65.395;92.272;91.191;90.479;72.189;90.383;83.192;78.427;85.591;102.967;86.608;43.365;111.875;77.391;91.248;85.985;90.358;108.608;84.501;137.622;127.927;60.769;77.267;84.603;73.702;49.23;80.274;75.344;0.0;72.231;92.136;74.646;48.443;127.475;63.753;81.013;61.688;75.509;160.367
dek'12;95.127;94.555;107.015;65.983;92.812;91.571;90.391;71.441;90.668;83.941;78.07;85.941;102.983;86.447;43.99;111.85;78.405;91.442;85.462;90.034;109.287;84.563;139.715;126.152;61.287;77.704;81.613;73.951;49.683;80.798;73.536;0.0;69.744;94.936;73.761;48.108;126.323;63.255;79.855;60.914;78.061;157.949
janv'13;95.052;94.322;107.432;66.497;90.565;92.046;84.87;70.799;90.473;84.178;77.647;85.955;103.503;86.684;44.806;110.101;78.985;91.387;86.43;90.292;109.221;85.245;141.751;127.062;61.36;79.533;81.838;77.182;50.211;85.384;74.325;0.0;71.761;95.191;73.582;47.676;124.977;65.223;80.438;61.362;81.004;162.438
fev'13;95.27;95.467;109.482;66.935;94.08;92.529;90.451;70.775;90.363;84.585;77.434;87.19;103.991;86.973;46.002;109.512;79.041;91.79;86.288;91.252;108.246;85.844;135.308;127.629;61.271;80.986;83.387;74.708;51.49;90.089;74.32;0.0;71.214;92.997;75.252;47.829;127.578;63.984;80.045;61.583;79.927;161.338
mar'13;95.459;95.877;109.744;67.465;93.709;92.422;90.438;71.27;90.747;85.309;77.766;87.888;104.15;87.366;46.8;109.299;79.564;92.588;86.55;91.556;108.003;86.003;134.957;126.88;61.886;78.62;80.817;75.118;54.903;95.546;74.958;0.0;70.642;92.46;75.792;48.191;127.6;66.354;81.872;60.87;79.042;165.459
apr'13;95.005;94.382;108.914;67.389;93.253;91.949;90.053;70.872;90.813;84.882;78.654;87.46;103.976;86.599;47.108;109.916;78.086;92.0;85.616;91.108;109.425;85.897;133.279;126.619;62.485;76.548;80.668;76.256;54.432;94.76;75.426;0.0;73.541;91.446;76.188;49.192;125.547;65.666;82.385;64.289;78.727;165.606
maj'13;95.026;95.101;109.753;68.186;94.033;91.665;89.752;71.383;89.636;84.354;77.921;89.09;103.587;87.441;47.298;109.452;77.702;92.586;84.551;90.426;108.901;85.805;132.311;128.43;60.657;77.167;78.49;79.651;54.156;86.697;75.943;0.0;75.6;92.131;76.495;49.838;127.836;67.715;84.837;64.591;74.638;167.688
ijun'13;94.974;95.847;109.394;67.612;93.349;90.959;90.165;71.806;89.631;84.947;76.031;86.76;102.871;87.587;46.6;109.206;77.503;93.013;83.761;90.709;108.161;86.463;125.627;129.659;61.788;76.678;75.896;75.11;54.299;86.416;76.611;76.439;71.379;91.769;76.455;50.48;129.193;72.405;87.326;63.99;78.138;159.402
ijul'13;95.285;95.875;110.574;67.76;93.771;91.154;89.64;72.192;89.04;84.252;77.008;86.197;103.466;87.348;46.701;110.798;76.727;93.097;83.11;91.095;110.703;88.182;125.517;121.93;61.603;76.935;75.859;77.986;53.742;89.696;76.476;76.883;73.816;90.949;76.889;49.704;141.728;66.98;87.188;62.69;79.334;157.198
avg'13;95.731;95.839;110.665;68.345;93.994;91.654;90.07;72.371;90.021;85.004;76.494;87.236;103.238;87.411;47.442;109.502;77.305;93.874;83.516;91.146;112.027;89.127;125.076;124.592;61.461;78.359;77.466;75.374;53.638;91.294;76.027;76.496;74.923;92.925;77.973;49.829;146.994;62.756;87.009;64.024;80.639;160.151
sen'13;95.997;96.556;109.984;68.972;94.274;92.482;89.864;72.43;90.57;84.911;75.933;87.148;103.797;87.2;47.842;109.562;77.119;94.388;84.12;91.765;112.094;90.614;117.382;125.527;61.529;79.517;74.91;79.856;55.509;85.991;75.224;75.523;76.018;94.566;78.945;49.524;145.686;62.111;86.863;65.042;81.212;159.316
okt'13;95.835;97.343;110.97;69.151;93.324;92.303;90.116;73.054;90.963;84.18;76.044;89.61;102.98;87.698;48.202;108.084;77.68;94.812;83.318;91.429;111.66;90.04;110.095;125.7;61.718;79.451;77.443;81.629;58.737;85.44;74.978;75.691;77.63;93.755;79.721;50.06;145.294;62.399;87.029;64.575;82.986;158.619
noja'13;95.965;97.233;110.752;69.518;94.164;93.028;90.167;72.211;90.685;84.471;76.333;89.443;102.16;87.388;48.671;107.838;78.845;94.914;84.0;91.244;112.071;90.311;106.676;122.816;62.276;80.049;75.963;77.248;57.858;85.046;75.122;76.941;76.56;94.565;79.968;49.936;139.991;67.521;87.542;65.272;82.912;159.138
dek'13;96.023;96.419;109.621;69.889;95.336;93.471;90.518;73.268;89.693;84.881;76.602;88.919;102.528;87.301;48.415;108.292;79.623;95.269;83.733;90.77;111.923;89.884;106.285;119.102;63.77;80.56;76.791;78.994;59.27;86.38;74.407;75.514;76.469;94.468;79.962;49.976;136.381;63.852;90.847;66.025;82.464;156.948
janv'14;96.441;96.641;109.768;70.019;94.988;93.244;90.464;72.788;90.239;85.284;77.153;88.277;102.342;87.814;48.921;108.365;79.731;96.375;83.365;91.761;111.998;91.147;99.883;120.854;64.234;80.442;77.474;75.75;61.019;90.252;74.458;74.33;78.766;93.332;81.937;49.397;132.642;62.064;88.337;67.0;82.692;153.003
fev'14;96.89;97.927;109.954;70.969;96.217;93.605;91.256;73.511;90.692;85.302;76.696;89.449;103.476;87.989;48.44;108.376;79.285;97.209;84.806;91.72;111.93;91.602;99.896;121.525;64.799;76.072;81.159;74.751;60.204;90.71;75.894;76.714;79.849;95.097;83.313;50.125;136.291;62.996;90.088;66.838;84.43;163.955
mar'14;97.672;98.749;110.081;71.185;96.494;94.128;91.774;74.332;91.523;86.097;77.793;88.951;104.769;88.697;48.761;108.923;81.68;98.37;85.04;92.62;112.087;92.995;102.515;125.201;65.672;78.185;85.888;75.788;61.264;90.657;77.063;76.882;79.317;97.962;84.254;51.871;137.549;65.298;92.088;69.207;85.375;164.104
apr'14;99.331;99.731;112.136;72.293;99.212;94.995;92.952;74.94;92.109;87.248;79.079;90.284;106.934;89.317;48.306;114.923;81.545;99.999;85.016;93.851;113.164;93.896;108.617;127.546;66.363;77.99;85.772;77.947;63.671;94.593;76.845;77.517;79.975;99.345;85.444;51.162;146.944;66.748;97.17;68.41;85.3;145.724
maj'14;100.056;99.294;112.754;72.373;99.177;96.776;94.049;74.586;92.651;87.918;79.135;89.65;107.515;89.146;48.751;115.808;81.228;101.443;85.899;94.577;114.331;94.669;105.788;121.236;66.67;77.034;87.307;88.783;65.134;94.994;78.848;77.201;79.962;101.219;83.842;52.177;149.642;67.67;96.864;68.922;88.147;146.445
ijun'14;99.885;100.662;112.285;71.931;98.637;96.498;94.077;74.05;93.403;87.831;79.02;91.067;107.28;88.981;48.702;115.097;80.401;100.95;85.475;95.24;114.039;93.416;107.152;119.091;65.922;76.115;86.181;92.522;63.517;93.38;76.442;77.412;79.297;100.477;83.788;52.693;154.241;67.228;95.734;67.62;89.985;153.621
ijul'14;100.259;101.585;114.305;73.093;99.677;97.484;94.806;74.818;93.966;87.295;79.582;91.041;107.825;89.305;49.139;116.146;80.417;101.705;85.394;95.729;113.278;93.283;104.43;121.857;65.329;73.535;86.482;92.94;65.624;96.256;78.693;77.187;81.227;101.952;83.521;52.301;148.35;66.381;92.381;66.78;88.399;151.254
avg'14;100.712;101.469;113.591;73.637;99.898;97.202;94.778;74.96;94.53;88.456;79.224;90.862;108.393;89.211;49.495;117.783;81.398;101.361;86.183;96.455;115.432;93.471;104.947;121.111;64.82;74.664;87.413;93.914;66.303;98.402;79.745;75.73;83.41;101.739;84.31;51.775;150.226;67.045;88.014;68.381;90.661;150.996
sen'14;101.564;101.578;115.054;73.813;100.827;97.673;95.883;74.898;95.621;88.852;81.411;89.754;111.612;89.864;49.637;117.931;82.633;101.287;87.195;97.04;116.64;94.673;110.381;119.619;65.016;75.951;88.113;91.777;66.967;99.246;77.507;75.501;83.032;103.444;83.358;52.371;150.61;67.166;94.166;66.728;90.727;153.016
okt'14;101.397;102.177;114.792;73.929;100.808;97.64;95.993;74.71;95.815;88.459;81.04;89.843;111.137;89.881;49.229;117.598;82.499;102.189;87.239;96.993;115.5;96.733;110.601;114.453;65.448;75.47;88.032;90.554;66.731;100.231;79.418;75.708;82.433;104.273;84.396;51.755;154.129;68.699;97.523;68.344;92.152;156.656
noja'14;101.934;102.546;116.11;75.018;101.842;98.727;96.642;75.009;96.159;88.035;81.049;89.014;111.072;90.042;49.623;117.941;82.758;102.579;86.206;96.94;116.793;96.102;113.617;110.518;65.834;75.544;87.052;89.903;67.188;97.676;80.115;75.538;82.895;102.926;83.634;51.845;150.609;68.501;93.478;67.36;92.451;155.181
dek'14;103.023;103.601;114.865;75.19;102.186;99.756;96.863;74.812;95.833;88.762;80.897;89.692;113.026;90.742;48.938;122.278;83.438;104.223;86.909;97.148;117.459;98.019;119.618;109.368;66.988;75.6;90.181;91.691;67.607;99.191;84.785;75.64;83.108;104.864;84.614;50.807;159.808;69.986;99.235;68.291;96.893;146.001
janv'15;106.177;105.862;117.277;76.11;107.052;102.527;98.54;75.46;98.437;90.784;82.033;88.738;115.852;93.925;50.075;124.302;83.07;107.668;88.551;99.882;119.256;102.87;125.468;108.022;68.191;82.757;91.364;98.315;67.525;102.782;89.193;78.811;84.233;111.863;85.799;49.987;168.244;70.143;103.947;68.648;96.776;153.163
fev'15;107.147;108.347;118.383;77.517;107.757;103.372;99.847;75.095;99.109;91.421;82.474;90.967;118.153;96.35;50.783;125.713;83.124;106.891;89.667;100.908;119.862;100.543;124.417;105.212;68.089;82.617;90.505;102.514;67.42;105.336;87.266;78.353;84.452;113.281;82.602;50.267;161.859;70.597;104.457;69.05;97.91;155.111
mar'15;107.271;108.148;119.329;78.583;107.788;102.189;100.42;75.617;98.649;93.094;84.208;91.427;118.069;96.652;51.383;125.954;83.919;106.271;89.521;102.29;121.099;98.958;124.954;105.73;68.342;78.637;88.132;100.517;67.543;99.179;90.105;77.897;84.733;108.914;81.015;50.901;161.168;70.329;101.077;69.767;99.276;157.543
apr'15;106.566;110.774;118.847;78.99;106.258;102.734;100.251;76.02;98.959;93.571;83.513;90.412;116.923;97.036;52.601;125.152;83.535;105.801;89.355;101.677;120.5;99.619;123.165;103.071;67.408;77.25;90.403;99.147;67.685;98.566;90.872;78.394;83.093;109.84;81.987;52.69;162.177;69.806;103.414;68.87;100.98;165.07
maj'15;105.677;108.655;118.155;79.133;104.784;101.621;99.019;76.452;98.291;92.9;83.399;90.942;115.104;96.253;52.689;127.173;83.308;105.873;88.721;101.125;120.133;100.521;123.595;104.765;66.644;75.585;88.27;96.92;67.231;93.578;92.043;76.65;81.848;111.307;80.191;52.643;166.308;69.391;104.372;68.713;96.869;163.854
ijun'15;104.476;106.661;115.647;78.551;103.626;99.891;98.351;77.181;96.011;92.531;84.164;91.996;114.739;94.765;52.284;126.508;83.961;105.701;87.522;100.116;117.632;98.8;129.044;102.069;65.797;78.131;84.479;94.145;67.445;93.46;86.732;75.683;83.99;109.238;79.126;52.758;166.154;68.963;101.897;68.486;97.387;163.263
ijul'15;104.708;107.479;115.266;78.454;104.072;100.645;97.112;76.724;96.55;92.728;81.927;89.859;114.66;95.385;48.696;128.148;83.481;105.653;87.53;99.08;119.257;100.87;128.947;111.448;65.901;76.838;86.539;93.06;68.045;93.578;90.13;74.683;85.428;107.412;80.767;53.594;166.013;69.357;105.368;68.989;98.124;158.167
avg'15;104.149;106.803;115.14;78.591;102.856;100.427;96.771;76.503;95.569;91.695;82.524;89.559;114.17;94.441;48.766;129.786;82.317;105.905;87.411;98.532;119.461;101.978;127.641;112.665;66.509;76.133;87.659;94.026;69.007;94.203;89.669;74.574;89.698;106.772;80.213;54.848;166.767;69.097;107.601;69.501;100.402;164.765
sen'15;104.048;108.035;118.287;79.98;102.334;99.596;96.796;76.73;94.176;91.973;82.642;88.833;113.864;93.67;52.072;132.065;82.936;105.934;87.035;97.603;119.995;102.316;130.374;115.29;67.178;77.829;86.398;92.069;69.808;91.155;92.036;69.213;90.523;107.128;79.94;55.17;170.611;68.971;105.181;69.496;101.824;173.609
okt'15;103.97;110.239;118.127;80.262;101.775;99.075;95.081;76.811;93.919;90.478;81.634;89.102;112.802;92.936;53.613;135.497;83.84;105.765;86.66;97.298;124.674;103.778;127.206;117.273;66.769;78.178;84.943;92.824;69.226;96.003;92.035;70.302;94.257;108.185;79.254;56.556;175.935;67.359;106.186;70.019;101.195;176.175
noja'15;103.187;111.215;118.363;79.437;101.429;97.494;94.476;76.016;93.617;90.182;80.715;92.295;110.449;93.373;52.726;134.009;82.446;104.557;86.739;96.626;123.593;101.025;125.313;115.1;66.299;76.212;85.056;91.863;68.016;92.029;88.993;70.15;95.146;110.751;78.513;57.203;176.673;68.027;101.662;71.609;99.542;176.583
dek'15;102.952;109.687;115.212;78.33;101.291;96.767;93.965;75.214;92.17;88.963;80.809;92.736;110.331;92.098;53.834;133.688;81.676;104.639;87.119;95.626;120.803;100.389;119.293;114.103;66.252;76.225;87.258;93.535;68.075;93.417;89.654;69.887;95.117;110.712;79.014;55.294;168.752;65.738;99.765;72.917;102.371;175.609
janv'16;102.971;109.865;116.602;79.037;100.638;96.41;94.472;75.545;91.594;89.273;79.032;90.623;111.395;92.272;53.181;140.314;81.989;104.821;86.939;95.224;120.504;101.309;119.812;123.505;67.402;74.952;85.933;97.502;67.925;93.306;90.368;72.599;97.009;108.709;78.614;54.936;172.122;66.243;103.085;73.375;103.686;187.094
fev'16;102.937;107.931;116.474;78.789;100.16;96.674;94.219;75.702;91.285;90.088;77.663;90.676;113.55;92.482;53.145;135.651;81.465;105.375;86.851;95.331;120.666;101.301;120.983;125.988;67.24;74.903;85.592;97.68;67.233;95.097;88.209;75.425;100.159;110.064;79.752;56.247;173.135;67.111;102.994;73.065;104.789;186.554
mar'16;103.093;109.221;117.17;78.528;100.011;96.296;94.619;75.439;92.635;89.612;77.922;94.412;115.146;92.906;53.238;136.335;81.636;105.575;86.772;95.32;121.318;100.261;124.376;119.774;67.939;77.604;86.075;95.096;67.205;94.928;89.603;73.552;100.294;114.884;81.145;56.39;178.154;67.436;102.555;73.507;104.824;185.337
apr'16;103.273;110.039;117.794;77.581;100.59;96.359;95.411;74.967;92.265;89.342;76.377;93.73;114.898;93.156;52.373;133.928;81.085;106.776;86.71;95.525;120.737;98.86;124.47;118.43;67.515;76.003;88.099;97.174;66.459;97.497;87.371;70.457;103.642;115.068;81.097;56.869;172.825;67.057;101.568;73.143;102.944;185.055
maj'16;103.659;110.812;118.65;77.995;100.935;95.959;95.588;73.567;91.262;89.56;75.211;91.404;114.893;93.034;52.766;139.304;81.069;106.333;85.809;94.44;123.535;98.919;121.739;115.397;67.178;79.859;89.785;101.3;65.525;101.322;86.977;69.887;103.653;111.358;81.461;57.117;175.346;66.232;104.025;73.036;98.958;180.793
ijun'16;103.154;108.118;117.764;78.763;101.148;95.63;95.22;73.381;91.947;89.539;74.936;89.718;113.512;92.936;52.561;137.089;80.975;105.892;85.382;94.263;123.817;99.65;122.493;115.097;66.698;84.08;90.98;101.366;63.849;99.776;87.398;69.369;105.667;110.343;80.73;56.966;172.541;66.853;104.339;73.145;98.943;176.94
ijul'16;104.136;110.681;117.703;77.736;101.659;95.763;96.382;73.17;92.783;89.752;76.648;93.936;113.998;92.634;52.97;140.845;82.028;106.036;85.668;94.74;122.186;100.952;126.693;114.365;67.316;83.856;91.074;102.737;64.069;100.207;87.702;68.851;106.663;111.784;82.498;57.421;175.764;64.042;107.154;72.389;99.648;172.572
avg'16;104.554;112.973;119.051;78.476;102.306;96.99;96.489;72.189;91.696;88.874;76.295;96.201;114.046;92.328;52.472;149.582;83.106;106.426;84.05;96.26;124.711;101.702;134.229;115.085;68.174;84.839;91.678;102.693;63.239;104.874;88.168;69.84;110.301;110.905;82.071;57.598;189.799;61.481;107.753;73.282;99.603;169.989
sen'16;104.813;110.58;119.058;78.42;102.781;98.31;96.324;73.672;91.707;90.149;76.07;94.221;114.441;92.359;52.743;152.045;83.121;106.73;84.208;95.756;126.057;102.388;138.618;117.757;68.166;86.642;93.043;103.575;62.843;105.274;89.66;69.075;112.212;109.063;83.005;57.58;177.399;60.181;107.705;74.57;98.965;180.185
okt'16;104.931;109.764;118.132;78.632;102.142;97.479;95.458;72.697;92.825;91.287;75.198;93.334;115.283;92.696;52.358;151.183;81.747;106.143;86.313;95.477;126.523;102.669;141.054;120.364;67.816;87.392;94.254;103.997;61.243;105.636;89.075;68.831;111.212;111.543;83.512;56.598;173.205;60.681;108.518;74.803;99.712;178.189
noja'16;105.001;109.336;118.294;78.646;101.971;96.507;94.609;73.297;91.464;90.482;76.568;95.553;116.943;92.707;53.758;151.934;82.247;106.169;87.013;95.116;128.601;103.202;135.92;122.587;67.621;87.295;95.652;103.513;61.495;102.258;88.563;68.868;111.912;112.825;83.846;56.773;182.551;60.494;110.695;74.87;102.676;179.255
dek'16;105.99;111.365;119.158;78.387;103.015;95.59;94.698;73.966;92.457;89.987;76.363;94.897;119.001;92.685;53.466;152.955;80.85;107.279;86.171;95.897;130.352;103.485;132.29;117.013;66.101;88.29;99.665;103.593;61.686;101.596;92.341;70.692;112.099;116.342;84.291;55.908;194.82;61.804;109.841;76.101;108.597;169.052
janv'17;106.036;110.366;118.628;78.572;102.108;95.342;94.994;73.685;93.316;89.98;78.484;96.314;118.824;92.429;53.613;153.36;80.283;108.287;86.627;96.073;130.553;101.012;121.122;107.413;64.856;85.975;104.951;99.566;61.737;102.219;96.259;70.814;109.465;121.408;83.701;54.331;210.535;62.435;104.819;79.193;109.302;155.645
fev'17;105.626;108.546;119.731;78.17;101.369;96.135;95.061;74.237;93.065;89.262;78.505;96.338;120.682;92.392;53.659;151.036;80.69;107.862;87.136;96.906;128.77;100.836;115.807;107.526;65.158;83.779;106.387;99.949;62.78;101.061;96.337;68.184;110.854;121.495;84.253;54.034;216.079;62.494;106.576;83.8;109.27;153.712
mar'17;104.095;106.504;117.336;77.298;100.262;95.143;94.756;74.203;92.742;86.982;78.285;96.767;116.064;93.3;54.283;144.091;81.629;106.152;85.197;96.19;126.959;101.3;112.866;107.904;65.284;83.235;106.308;101.483;63.019;99.505;95.526;68.264;112.193;121.835;83.723;54.818;206.046;62.933;105.32;83.234;109.721;148.568
apr'17;105.133;112.796;122.293;78.781;101.863;96.914;94.798;73.345;94.297;88.929;80.448;97.13;117.671;92.001;53.769;148.877;82.1;107.224;86.561;95.904;130.059;100.618;108.864;103.882;65.907;86.367;100.425;100.823;64.009;93.34;95.551;68.264;115.272;120.204;81.584;54.945;187.606;63.69;105.465;83.804;110.546;139.755
maj'17;106.321;113.6;123.173;78.114;101.849;96.638;93.712;73.008;93.781;89.449;82.741;97.634;115.944;91.388;53.917;155.611;82.041;106.759;86.238;96.063;132.414;100.309;104.797;102.083;64.53;86.574;100.327;97.041;63.863;94.687;93.478;68.264;116.402;120.92;81.769;54.927;176.991;64.075;104.294;84.238;111.923;140.215
ijun'17;107.19;117.345;119.884;78.381;101.412;96.019;93.073;72.146;95.033;90.141;80.653;96.124;115.807;91.979;53.233;161.864;82.026;107.062;85.145;95.168;135.355;101.097;107.392;102.848;64.067;85.343;99.03;96.975;61.176;96.561;92.978;68.264;114.637;124.803;82.422;54.702;168.143;64.079;103.986;84.406;111.618;153.637
ijul'17;107.285;118.685;120.684;78.265;101.042;96.526;95.367;71.618;95.304;90.428;77.206;95.538;117.599;92.08;53.859;160.202;81.401;108.011;85.322;96.271;138.125;100.794;113.174;102.723;64.382;84.373;98.518;95.406;61.415;90.391;90.936;68.624;114.556;127.626;81.172;54.114;175.037;64.058;100.838;84.314;111.533;160.365
avg'17;107.806;122.932;123.612;78.622;101.803;97.668;96.588;73.763;97.782;91.797;77.759;95.04;119.054;93.044;54.059;159.466;81.518;110.057;86.315;99.046;136.753;100.596;112.62;108.897;65.667;83.27;97.82;91.904;61.485;87.252;91.6;68.63;115.721;127.369;81.393;53.7;174.552;64.037;97.798;84.514;111.448;152.851
sen'17;108.16;118.27;120.797;79.659;106.007;101.449;98.593;74.571;95.372;92.459;75.113;94.96;121.73;93.411;54.092;152.558;81.715;110.67;86.782;99.213;134.294;100.341;113.488;112.692;66.438;83.852;101.021;89.111;62.806;86.591;92.424;68.63;116.401;126.952;82.289;54.359;169.505;63.999;97.419;85.831;111.245;159.564
okt'17;107.256;118.241;123.821;78.158;102.307;98.173;99.463;72.363;93.266;91.07;76.915;96.616;117.375;92.783;54.384;152.832;80.086;109.814;85.103;98.805;134.166;100.052;111.767;112.295;64.436;84.101;101.535;87.588;65.198;83.426;92.938;68.029;120.736;121.957;84.765;54.765;169.776;64.32;97.996;88.567;111.376;154.574
noja'17;107.245;118.179;123.434;77.93;103.005;98.463;97.99;72.628;93.758;91.562;76.701;97.192;118.326;93.403;54.044;153.028;80.384;111.038;85.609;99.213;134.02;100.519;111.984;113.388;65.277;84.195;102.121;85.36;63.578;80.998;93.763;67.945;124.225;120.214;86.197;54.39;172.768;65.678;98.057;91.131;112.928;158.155
dek'17;107.388;118.972;122.705;78.795;103.346;99.56;98.22;74.008;93.897;92.201;76.078;96.874;119.695;93.519;54.203;152.41;81.078;111.741;86.344;100.574;134.11;100.645;112.22;113.588;64.153;84.023;100.78;87.41;64.47;81.39;94.113;66.595;124.534;119.268;86.83;54.46;174.806;67.348;99.738;92.189;112.37;158.03
janv'18;107.039;118.06;122.056;78.619;102.888;100.284;97.999;72.352;94.788;93.257;76.776;97.897;120.192;94.412;55.123;151.176;80.99;111.885;87.127;100.217;134.301;100.903;112.55;113.898;64.441;85.093;101.029;87.739;64.699;82.052;94.523;66.094;124.534;117.522;87.074;54.588;175.948;68.261;100.03;92.859;112.571;159.004
fev'18;107.214;118.516;122.38;78.707;103.117;99.922;98.109;73.18;94.343;92.729;76.427;97.386;119.944;93.965;55.163;151.793;81.034;111.813;86.736;100.396;134.206;101.274;113.25;115.345;64.975;87.279;101.402;88.387;64.927;82.883;95.444;66.583;128.534;118.271;88.008;55.524;177.019;69.261;102.029;93.735;113.3;160.349
mar'18;107.29;118.195;122.577;79.162;103.2;99.633;97.937;73.6;94.361;92.973;77.148;97.279;120.014;93.532;55.747;151.934;80.248;111.739;85.477;100.278;134.106;101.388;112.656;116.6;65.397;88.077;101.581;88.876;65.098;82.976;95.468;65.75;128.534;117.672;88.509;56.098;176.698;70.13;102.316;93.396;113.317;158.125
apr'18;107.472;117.903;122.795;79.121;103.42;99.931;97.923;73.661;94.864;92.344;77.232;96.852;119.187;94.528;56.337;152.617;80.418;112.088;85.403;99.422;135.859;101.531;112.953;116.673;65.386;88.178;101.491;88.932;65.113;83.0;95.476;66.166;93.534;117.972;88.658;56.904;176.858;69.995;102.372;93.566;113.329;158.237
maj'18;108.329;117.547;123.458;80.488;104.778;103.196;99.736;74.6;98.132;93.062;77.124;98.943;121.24;95.945;56.57;152.252;81.677;114.037;91.5;100.221;135.647;102.519;118.529;122.115;68.17;92.591;101.551;93.781;70.298;87.983;94.356;61.784;93.895;121.772;89.794;56.72;173.269;67.789;107.15;97.744;115.749;156.651
ijun'18;108.766;117.426;123.708;81.026;105.283;103.571;100.951;75.101;98.708;93.138;77.591;99.927;122.692;96.019;57.232;151.94;82.894;114.593;92.095;100.346;135.563;102.707;124.534;124.196;68.706;93.484;102.296;94.066;73.07;90.156;92.615;62.292;97.394;121.593;91.97;56.962;169.287;67.627;110.996;100.845;117.084;160.454
ijul'18;109.045;118.697;126.296;81.789;106.05;103.779;101.173;75.475;99.747;94.043;78.471;98.466;123.88;97.145;57.988;152.649;82.403;115.546;92.047;101.547;135.211;102.952;125.141;125.222;69.788;95.737;102.571;96.736;74.85;92.326;94.341;97.561;92.61;119.294;94.003;57.24;166.222;65.523;108.723;96.857;117.309;159.118
avg'18;109.457;120.139;128.429;81.731;107.377;103.907;102.572;75.626;101.433;94.953;78.536;100.395;125.104;100.195;60.656;156.516;83.212;118.371;92.692;102.681;136.279;103.742;129.475;130.517;71.777;100.553;101.827;100.995;68.506;94.93;97.923;98.835;83.572;115.527;95.798;60.155;167.414;64.911;105.938;90.529;119.062;162.166
sen'18;110.507;123.919;129.837;78.195;108.707;105.126;104.866;74.965;101.6;94.488;77.93;98.993;127.99;100.656;62.129;157.091;82.365;121.421;91.742;104.082;138.089;103.935;128.36;127.105;71.208;103.153;102.93;100.912;65.755;96.833;98.91;98.891;77.961;111.233;98.352;61.008;169.07;67.696;106.604;86.963;116.901;166.802
okt'18;111.41;126.543;133.974;76.743;109.82;106.506;105.704;77.154;102.947;94.456;79.041;101.22;129.325;101.065;62.504;160.621;83.338;122.066;92.651;105.27;142.737;104.206;128.385;118.515;72.526;108.062;104.619;103.676;63.647;94.538;101.895;99.424;74.025;109.903;99.505;62.214;174.802;68.527;108.318;83.483;117.408;170.937
noja'18;111.901;127.455;134.995;77.462;110.745;107.225;106.363;77.53;103.554;95.065;79.742;101.636;130.223;101.7;62.75;161.334;83.864;123.126;93.285;106.341;141.838;105.498;131.274;115.359;73.677;112.116;105.107;106.154;64.025;93.62;104.701;101.511;72.777;107.902;101.372;63.92;180.818;69.658;108.541;81.862;120.396;175.297
dek'18;114.047;129.416;137.894;78.817;111.588;108.269;104.379;78.213;104.013;96.457;80.353;102.871;132.185;102.165;64.065;163.981;85.872;124.335;95.395;107.798;145.389;107.859;132.401;113.375;74.447;112.929;107.786;106.141;64.447;94.487;107.317;103.283;71.764;109.139;102.905;64.945;182.249;70.746;109.735;82.466;124.832;177.125
janv'19;114.102;129.314;137.834;77.767;110.648;107.985;105.045;78.214;104.612;97.326;79.304;102.303;130.995;103.122;63.039;163.002;88.273;122.344;92.328;109.245;144.898;108.463;134.016;111.389;75.275;114.353;108.645;106.958;64.612;95.239;108.611;104.122;72.334;110.892;103.49;66.271;183.721;71.488;110.013;84.147;125.479;176.215
fev'19;115.051;130.012;138.553;77.984;111.674;108.667;105.235;78.604;104.834;97.376;80.227;103.1;132.248;103.157;63.803;164.309;88.508;123.256;93.331;109.364;145.869;110.13;134.159;111.056;75.71;114.566;108.715;107.786;64.696;94.728;108.857;104.593;73.161;111.492;104.899;67.345;185.15;71.912;110.801;83.442;125.709;176.464
mar'19;117.4;132.188;140.653;80.741;113.549;110.928;107.675;79.389;107.006;100.6;80.771;103.922;135.586;108.31;65.361;163.983;88.702;126.231;96.043;111.764;149.855;111.621;135.414;110.591;76.107;116.1;109.9;108.449;64.894;95.273;109.898;103.249;73.34;113.573;106.547;68.077;190.006;73.303;111.276;82.104;127.612;175.518
apr'19;119.409;133.182;142.589;82.442;116.166;113.58;110.974;81.018;109.972;103.38;81.49;106.353;138.031;110.965;66.348;165.955;89.751;129.478;97.564;114.278;152.21;112.526;136.073;110.679;76.187;117.387;110.364;109.526;65.522;94.245;111.126;103.928;74.124;114.344;106.763;68.467;193.563;73.346;111.219;82.188;127.847;176.758
maj'19;120.324;133.961;143.345;82.174;117.815;113.883;111.276;81.352;110.317;104.014;81.655;107.859;139.371;111.988;65.738;165.83;90.46;130.804;98.113;115.058;150.753;113.209;135.711;111.032;76.356;117.289;110.639;109.583;65.691;94.021;111.781;105.833;74.603;114.814;106.149;69.316;193.341;76.083;111.832;82.858;127.594;177.843
ijun'19;121.545;136.617;144.987;83.88;118.899;115.155;112.279;81.941;111.549;104.665;81.809;108.311;141.339;113.207;63.899;168.829;91.737;131.938;98.827;116.799;154.826;113.364;137.457;111.138;77.416;117.279;111.564;110.639;66.778;94.629;111.93;106.167;75.542;115.746;105.331;70.702;197.111;75.882;112.469;83.835;129.102;180.774
ijul'19;122.688;137.074;145.321;83.793;119.031;116.919;113.663;82.213;112.712;105.464;82.251;110.095;142.975;115.044;62.918;170.834;92.094;132.7;99.561;117.33;155.274;114.405;138.563;111.261;78.247;117.113;111.605;110.67;67.578;94.964;112.843;108.216;76.051;115.834;105.983;71.9;197.849;75.855;114.65;84.554;129.412;182.487
avg'19;124.029;138.514;145.42;84.038;119.872;117.514;113.452;83.397;113.122;106.46;82.64;111.483;143.096;116.6;61.209;174.653;92.515;134.125;100.145;118.02;161.921;115.942;142.088;108.68;77.7;117.878;114.159;113.352;68.281;95.828;113.255;109.716;97.268;116.604;106.589;71.766;196.291;75.837;115.433;85.279;132.273;189.659
sen'19;124.681;138.755;145.522;85.217;119.602;118.646;112.546;83.129;113.736;107.126;83.841;112.608;143.193;117.089;60.626;175.661;92.579;135.405;100.672;119.219;162.387;116.584;140.874;108.319;78.64;118.32;114.65;114.599;70.336;96.463;114.528;112.486;134.618;117.097;107.433;72.638;196.223;76.981;115.853;86.267;136.038;190.822
okt'19;125.238;140.982;145.989;86.562;119.631;118.881;113.168;83.639;112.793;107.347;84.985;113.125;144.267;117.064;57.86;176.511;93.014;135.307;100.666;119.874;164.32;117.192;141.277;108.528;79.247;118.287;114.977;115.342;70.605;96.599;114.787;114.894;136.494;118.06;108.063;72.875;196.68;77.286;116.318;86.881;136.052;190.698
noja'19;125.848;141.93;146.389;87.541;118.942;119.994;113.467;84.274;113.045;106.451;85.612;114.236;143.943;117.566;58.124;176.994;93.352;135.387;100.482;121.221;165.273;117.894;142.011;108.614;80.94;117.891;115.265;115.34;71.7;96.936;114.94;116.745;140.534;120.59;108.71;73.497;197.649;80.768;117.551;87.853;136.298;190.865
dek'19;127.662;142.067;148.296;87.586;120.052;120.683;113.861;85.26;114.813;108.855;87.066;117.199;143.982;120.922;59.292;180.096;94.08;135.292;101.179;122.178;168.253;118.75;143.336;108.545;82.887;118.86;115.357;116.724;72.363;99.108;116.053;118.856;141.832;121.346;109.809;74.843;199.519;83.845;118.554;89.236;136.677;191.211
janv'20;127.728;142.071;148.455;87.09;120.101;121.376;113.932;84.717;114.604;108.502;88.208;118.175;143.5;119.684;59.57;180.145;94.103;134.125;100.397;122.986;168.065;119.283;145.266;107.971;83.526;119.063;116.358;116.787;72.763;100.028;117.02;118.679;142.236;121.226;111.787;75.235;202.775;84.69;120.108;89.881;136.201;192.335
fev'20;128.598;141.843;148.929;87.519;123.19;122.77;114.422;84.959;115.064;108.854;89.346;119.262;144.203;119.102;60.299;181.864;93.524;134.607;100.628;122.81;168.421;120.698;147.725;109.678;84.368;120.784;118.42;117.967;85.655;101.049;118.004;119.521;142.545;122.719;113.142;75.745;206.413;85.129;122.882;92.067;134.078;197.657
mar'20;129.431;142.738;150.444;87.782;123.481;122.819;114.939;84.997;116.14;108.936;89.777;119.95;144.733;119.374;60.642;182.266;94.46;135.724;100.862;124.197;169.708;123.028;150.775;111.789;85.005;121.676;120.207;116.936;86.33;102.983;119.443;123.142;142.902;124.876;115.038;77.242;209.675;86.234;124.406;94.108;132.244;197.873
apr'20;129.533;143.348;150.625;87.555;124.943;123.427;115.33;86.678;114.642;107.957;88.92;120.965;144.941;119.819;60.259;182.207;93.942;136.656;100.378;124.29;168.589;124.195;152.353;113.373;85.06;121.936;121.016;115.603;87.15;103.447;120.533;127.389;143.377;126.094;115.984;75.523;213.532;86.351;125.381;95.276;134.054;198.096
maj'20;130.262;145.444;152.435;88.363;125.252;124.291;116.033;86.117;114.887;108.009;91.856;122.072;145.729;117.838;61.506;186.54;94.492;137.036;100.501;123.577;167.975;125.128;154.231;113.579;85.863;122.816;126.052;106.053;89.196;100.829;119.453;127.389;143.615;127.651;118.406;77.814;217.648;86.071;126.849;96.447;129.236;212.367
ijun'20;130.015;145.317;149.326;89.192;124.777;124.026;116.012;87.683;114.834;108.007;93.319;120.565;145.724;117.763;62.049;184.596;93.92;137.413;101.17;124.454;165.986;126.187;154.363;116.112;85.161;123.543;126.725;107.742;89.376;103.151;121.469;0.0;143.853;130.418;120.188;77.35;221.95;86.218;127.748;96.859;130.719;214.637
ijul'20;131.886;146.114;152.183;90.228;125.77;125.604;117.369;88.006;117.289;110.588;96.105;122.082;145.858;119.44;63.324;187.082;93.497;138.098;101.645;125.766;167.98;126.288;153.118;119.495;86.086;123.604;127.018;107.863;89.5;104.105;123.105;0.0;144.328;130.631;122.093;77.436;223.575;84.668;127.639;97.767;133.831;214.884
avg'20;133.021;150.752;155.216;90.718;126.129;126.466;117.887;90.265;116.801;111.219;96.614;121.934;149.137;120.461;63.503;193.423;96.641;139.029;102.822;128.393;167.686;127.043;153.531;121.597;88.137;124.076;122.745;108.019;89.502;104.785;122.673;165.924;94.769;131.79;122.944;77.155;224.041;85.249;128.25;99.258;135.49;215.231
sen'20;135.235;150.288;158.461;92.917;128.587;128.382;118.682;90.668;117.252;113.749;96.276;127.309;152.632;123.036;64.25;194.382;97.395;141.712;105.439;128.931;166.948;128.999;154.992;123.903;90.731;124.388;123.719;118.918;90.737;106.178;122.697;145.149;96.938;134.56;123.015;78.213;225.698;85.769;129.713;99.972;138.478;219.259
okt'20;141.553;145.545;162.647;101.758;135.539;133.399;120.401;92.496;121.244;116.686;97.153;127.742;157.113;126.012;64.606;199.484;100.331;146.927;107.721;130.591;168.244;135.622;158.531;130.354;94.73;127.445;123.729;112.166;92.845;112.421;126.172;153.262;102.862;143.602;127.016;80.774;230.091;88.769;134.329;100.971;143.276;223.323
noja'20;145.309;148.345;168.989;105.024;141.531;139.482;123.491;96.087;127.858;120.836;99.662;130.407;160.47;131.624;66.099;202.862;104.477;151.566;111.276;136.431;170.695;141.152;158.731;137.274;100.363;133.23;130.573;125.058;100.056;117.277;125.013;160.153;109.015;149.656;128.729;81.442;230.855;94.853;142.136;105.899;148.613;228.09
dek'20;149.973;154.485;172.114;110.88;145.503;145.633;129.617;101.085;135.003;127.231;101.181;131.891;164.034;137.596;67.88;213.773;107.314;158.818;115.846;140.539;171.126;147.197;167.531;150.218;101.039;140.58;132.917;130.419;107.041;122.899;125.329;172.84;112.831;149.755;136.821;83.096;247.02;96.835;145.102;106.927;153.17;240.389
janv'21;154.098;159.055;174.487;115.01;144.339;148.772;135.597;105.612;142.14;131.639;105.802;135.715;169.009;142.356;69.831;215.691;109.638;164.22;119.794;144.171;175.061;149.179;171.531;160.665;101.327;145.044;137.709;132.241;111.041;129.217;130.381;172.894;115.407;150.641;137.01;83.214;259.74;100.683;149.488;100.752;158.546;244.667
fev'21;158.461;167.317;179.207;120.747;149.28;153.843;137.733;108.582;146.288;135.898;111.558;142.403;174.09;150.017;68.176;223.261;110.812;168.327;123.675;150.54;178.606;151.838;184.465;165.765;103.327;148.33;135.725;135.102;111.336;130.932;131.476;172.641;120.407;156.786;135.668;81.375;264.714;105.383;150.84;102.537;162.395;257.2
mar'21;161.564;171.897;182.874;127.731;154.314;155.251;141.611;110.587;147.367;139.998;118.408;148.644;176.823;155.63;71.739;245.089;113.436;169.918;128.952;153.754;200.074;156.971;201.536;174.727;106.668;152.939;159.0;150.335;117.249;137.204;140.279;172.641;125.276;171.6;145.282;83.869;285.684;108.617;155.238;112.16;168.153;277.857
apr'21;168.923;176.548;186.27;128.01;154.224;157.25;146.145;110.987;150.046;141.053;121.898;150.194;179.406;158.54;76.153;252.087;115.824;171.291;131.208;156.167;200.551;163.18;207.3;184.827;111.907;161.066;155.413;202.148;123.972;145.239;146.117;181.583;125.459;167.859;143.411;85.201;303.903;120.326;163.328;112.173;180.91;293.903
maj'21;175.822;194.094;194.649;127.799;164.082;163.549;142.524;113.378;152.015;142.922;122.456;153.727;183.262;159.377;80.548;274.34;117.258;175.397;131.708;159.912;199.703;170.135;212.291;192.708;113.907;163.09;158.036;210.733;129.481;148.468;150.701;181.583;122.059;174.383;151.33;89.201;319.546;126.085;170.594;113.252;189.461;298.304
ijun'21;175.635;193.786;196.1;127.321;157.145;163.583;146.488;115.138;154.268;145.451;120.228;161.874;185.012;158.664;78.49;279.515;116.51;175.64;133.921;159.759;206.712;175.323;228.134;191.297;117.121;167.252;202.199;218.497;130.421;157.275;152.543;177.971;120.473;177.935;152.906;90.201;300.175;135.146;177.798;115.464;196.012;312.309
ijul'21;176.529;192.856;194.53;128.447;153.494;163.348;144.595;118.939;158.926;146.817;117.367;163.626;185.681;161.398;79.355;279.481;118.102;180.345;134.578;161.843;200.851;176.573;241.723;201.675;120.047;163.915;214.113;236.636;128.921;159.909;152.779;182.96;108.448;183.0;151.945;90.434;298.453;145.674;175.244;116.921;190.385;323.521
avg'21;175.056;189.35;205.242;128.256;158.484;168.461;144.599;120.68;162.873;147.98;119.529;165.197;188.934;165.783;81.752;263.115;121.585;181.055;139.038;165.896;205.199;180.229;247.611;189.542;123.58;168.801;201.667;246.869;130.255;165.933;153.295;0.0;114.108;186.96;154.279;93.636;293.999;146.841;189.863;122.562;193.365;300.528
sen'21;172.698;196.803;190.561;129.015;165.722;169.528;145.493;121.371;152.446;147.203;127.401;166.1;188.065;161.545;86.004;252.193;116.001;177.922;148.249;161.929;195.392;179.544;247.529;190.551;124.386;165.419;207.608;259.161;131.912;169.223;157.215;0.0;125.017;192.019;153.665;94.9;292.94;161.796;190.775;116.417;193.314;273.228
okt'21;173.837;198.95;200.808;129.14;171.462;173.292;152.794;122.763;160.602;148.719;131.466;172.449;191.943;163.256;87.411;247.641;121.462;181.352;145.293;163.308;203.021;182.578;255.098;200.704;125.033;176.48;226.302;251.042;135.451;169.331;161.264;0.0;124.886;192.243;153.696;98.462;305.763;175.031;195.505;118.13;196.442;288.563
noja'21;172.865;202.734;202.564;128.719;171.504;173.225;148.578;123.976;161.395;148.893;130.434;174.825;190.496;163.626;85.627;254.733;122.878;180.749;145.737;164.723;208.311;183.957;248.487;205.155;126.288;170.351;234.896;265.213;139.162;173.389;166.43;0.0;127.419;182.022;159.791;99.031;327.198;174.265;197.444;122.022;195.933;295.657
dek'21;173.712;203.6;200.261;129.455;168.51;173.606;151.261;126.384;160.235;150.632;131.756;172.678;190.742;164.487;87.19;259.156;124.216;181.949;144.236;169.418;212.161;185.15;249.099;210.945;126.821;170.237;236.751;264.814;142.454;167.97;167.836;0.0;127.131;182.151;162.327;102.302;350.042;183.759;197.397;125.038;210.732;315.526
janv'22;173.833;210.522;211.828;132.737;170.501;174.508;153.909;127.105;161.307;151.311;131.914;171.242;191.02;164.413;88.43;260.412;125.004;182.669;146.283;170.779;213.013;186.063;244.508;216.754;134.496;170.997;238.087;275.515;145.343;168.794;173.7;0.0;131.063;190.589;169.287;103.996;353.195;193.79;198.06;129.495;214.26;337.236
fev'22;175.807;206.602;214.147;133.384;172.402;175.093;156.17;128.308;166.085;152.01;133.765;168.869;194.422;168.866;91.769;261.545;126.707;188.457;147.652;176.493;217.956;186.472;247.396;236.563;135.522;172.044;238.34;280.414;147.635;175.373;178.539;0.0;141.48;198.226;176.556;106.014;374.139;197.459;199.564;136.414;216.222;352.855
mar'22;184.743;210.55;226.295;140.334;180.193;182.814;162.829;145.797;174.42;157.266;134.868;175.45;203.071;176.34;96.254;274.475;131.822;198.488;152.926;181.592;221.833;196.444;275.582;255.101;148.669;189.462;268.317;319.631;155.927;176.719;200.347;0.0;141.852;226.288;190.846;122.321;381.207;215.8;206.366;140.054;214.674;395.975
apr'22;201.437;238.478;226.615;160.379;201.895;195.761;184.969;141.233;188.973;179.831;142.603;190.326;216.394;196.032;97.307;296.854;146.012;218.865;164.607;195.403;252.729;205.328;302.222;266.753;156.839;197.362;283.177;318.92;160.694;180.066;215.186;0.0;139.758;256.805;213.317;124.714;407.814;217.453;228.093;145.88;233.876;370.588
maj'22;198.015;240.5;225.448;162.638;197.464;198.252;191.917;141.148;185.295;175.182;152.31;191.774;213.126;192.136;95.175;286.182;146.318;210.525;158.547;195.672;241.537;209.796;298.966;260.586;154.901;225.122;287.183;282.356;159.747;181.205;217.372;0.0;140.874;256.456;219.114;126.382;409.479;222.432;221.99;142.717;241.345;389.454
ijun'22;198.051;240.622;219.101;160.528;196.137;193.547;187.651;148.299;188.495;180.133;136.87;191.075;214.078;202.517;97.768;286.362;145.018;221.399;160.185;194.259;252.933;202.3;294.56;269.259;145.054;201.607;261.849;282.24;158.584;180.456;213.674;0.0;143.556;252.907;214.771;130.354;419.739;223.23;211.037;145.518;242.865;382.344
ijul'22;199.949;250.066;214.41;160.604;191.371;194.867;189.475;142.493;185.18;180.02;143.919;187.9;208.905;196.436;97.899;292.484;147.111;216.064;160.247;191.664;250.997;202.336;295.177;280.823;145.591;200.011;259.511;291.229;166.563;181.387;225.726;0.0;144.435;240.757;222.608;128.259;425.729;223.482;205.261;148.45;241.557;418.68
avg'22;199.807;255.299;223.192;158.144;196.459;190.922;190.293;144.652;185.516;180.5;141.521;193.03;215.215;196.216;95.991;295.49;145.345;221.115;158.966;192.442;247.465;206.747;303.892;286.147;148.132;206.239;264.236;284.376;170.823;182.395;225.646;0.0;148.552;241.833;220.904;137.238;426.739;217.453;202.432;159.511;249.469;478.547
sen'22;198.503;253.331;216.013;158.496;191.479;189.308;186.938;147.767;182.828;176.749;148.785;197.472;209.897;191.469;98.184;295.675;146.53;216.187;159.059;190.861;249.358;213.516;299.688;276.4;159.776;208.737;262.39;327.115;168.574;179.788;215.04;0.0;146.138;241.825;225.481;136.685;427.403;224.439;225.073;155.935;253.402;470.109
okt'22;197.328;251.39;215.223;156.718;190.017;188.556;184.809;145.247;181.281;173.742;147.189;188.721;207.061;190.041;98.373;290.035;144.447;216.781;156.793;190.409;253.414;218.584;291.373;276.274;159.622;205.889;255.54;273.728;169.218;180.165;201.466;0.0;128.49;235.95;234.481;133.435;425.853;214.65;227.962;154.815;244.958;435.527
noja'22;195.506;248.336;213.341;153.436;188.599;188.28;182.4;146.436;181.216;171.893;144.074;182.606;204.721;189.429;97.74;287.071;142.98;214.894;158.051;192.258;257.526;218.195;292.483;274.614;159.192;223.908;249.981;269.405;165.171;181.379;201.867;0.0;143.787;237.742;231.469;131.709;414.451;192.397;226.144;153.984;233.803;436.915
dek'22;195.401;244.021;211.696;151.374;185.778;185.926;182.667;144.264;182.105;172.04;141.628;188.416;203.975;187.485;96.504;286.062;139.4;214.088;156.914;193.286;239.988;222.623;287.615;273.02;158.309;224.816;252.301;267.236;164.161;188.592;200.221;0.0;134.66;236.835;228.801;133.019;419.785;191.556;230.253;154.453;234.251;444.114
janv'23;195.349;243.765;209.921;148.767;187.155;185.014;181.596;146.989;179.918;171.641;144.1;188.842;204.027;190.431;97.376;279.601;141.399;214.461;155.514;193.893;241.426;222.52;283.632;247.019;160.549;225.958;254.359;260.538;167.097;189.071;202.623;0.0;139.715;231.669;227.153;138.056;393.962;194.493;230.527;154.912;239.744;434.973
fev'23;194.346;241.086;207.695;149.381;187.016;185.799;179.899;145.098;177.806;170.662;141.226;189.973;203.416;188.333;96.245;275.747;140.355;214.893;155.177;193.842;241.019;217.818;284.59;236.566;160.539;224.588;255.139;235.752;172.104;169.015;200.866;0.0;154.251;230.497;224.273;132.58;394.346;195.849;225.838;160.535;234.619;449.681
mar'23;193.929;239.659;208.153;149.089;187.016;187.672;181.429;148.433;175.251;170.6;144.304;194.958;203.122;185.748;95.817;271.061;141.163;212.719;156.592;192.401;239.449;219.862;280.118;238.914;160.348;223.744;254.683;230.68;163.839;175.005;203.888;0.0;169.564;229.251;227.857;134.128;392.974;193.183;226.468;161.486;237.433;452.484
apr'23;192.893;241.463;207.978;149.462;186.176;189.467;177.396;151.059;172.173;168.533;136.503;192.81;204.293;185.938;94.857;282.988;139.434;210.972;155.888;193.807;249.129;222.861;282.724;241.913;157.325;228.611;254.059;234.504;166.284;178.824;200.253;0.0;168.708;228.546;227.977;131.709;385.382;194.19;219.972;155.143;234.4;452.185
maj'23;192.528;239.019;208.531;148.573;186.147;187.924;176.236;155.349;172.423;168.13;135.171;189.85;204.857;184.363;94.102;282.836;139.544;210.279;153.01;190.83;248.496;217.463;283.589;235.934;155.344;251.479;251.715;249.414;169.591;175.884;202.469;0.0;161.619;233.085;224.401;127.747;396.835;194.502;226.038;157.235;244.676;420.249
ijun'23;192.639;242.178;208.604;148.033;187.726;187.225;172.696;150.885;172.782;167.818;142.703;190.603;208.112;181.648;94.557;289.377;138.755;209.93;153.695;193.923;246.776;219.321;285.112;238.127;156.107;253.604;244.521;239.35;169.985;173.969;206.553;0.0;177.403;231.122;224.049;126.578;395.503;195.202;226.9;157.776;243.554;425.517
ijul'23;194.566;246.7;214.569;149.137;187.553;188.649;175.531;151.047;172.753;167.867;147.035;190.612;208.455;182.784;95.538;306.929;136.885;213.315;155.205;193.08;249.634;221.443;287.91;239.168;158.785;249.313;249.401;237.295;168.296;175.38;208.784;0.0;178.802;230.982;225.849;126.722;397.334;195.115;226.753;164.264;243.491;428.301
avg'23;195.501;245.312;215.938;149.993;192.111;192.434;176.333;153.112;173.336;168.843;149.764;191.926;209.283;183.26;95.346;307.956;141.734;212.897;154.877;195.113;248.479;223.097;287.751;242.006;157.991;255.082;262.898;288.241;168.002;185.173;219.264;0.0;173.912;229.649;222.423;124.983;397.806;195.287;227.089;165.986;240.791;449.011
sen'23;197.624;248.369;219.093;151.562;195.208;191.283;179.346;152.663;175.277;172.804;151.448;191.3;213.687;185.57;93.628;305.613;134.689;214.754;155.547;194.081;248.527;228.691;287.45;252.614;157.517;259.987;275.977;0.0;167.848;187.122;207.646;0.0;177.745;251.261;231.54;131.935;403.575;196.945;232.979;166.748;241.686;445.616
okt'23;198.616;248.882;221.116;151.983;195.268;194.471;179.065;148.132;177.218;171.888;149.415;192.911;216.205;185.85;94.514;311.915;135.067;215.665;159.463;194.475;246.612;229.109;275.215;258.237;152.162;248.596;274.536;0.0;177.479;205.085;204.302;0.0;192.877;257.027;235.005;130.986;407.867;190.126;242.936;167.801;235.38;444.831
noja'23;198.954;251.449;225.024;153.895;195.626;195.781;180.265;147.189;175.115;172.842;162.364;193.366;215.353;187.643;96.169;319.304;137.961;215.49;160.442;194.011;244.225;234.362;278.198;271.588;150.871;230.094;272.235;0.0;183.905;210.917;204.725;0.0;190.836;249.545;230.834;136.842;414.048;196.977;229.675;166.356;272.081;443.31
dek'23;199.934;256.702;230.079;154.384;196.095;194.629;178.687;148.257;175.735;173.794;164.645;193.963;217.16;189.495;96.073;314.183;137.464;216.244;161.851;195.705;245.749;237.839;296.002;282.396;142.252;226.847;271.729;0.0;185.376;203.543;218.497;0.0;203.71;247.55;230.118;130.8;418.191;199.11;227.085;171.045;282.945;445.647
janv'24;200.795;256.21;236.674;155.451;197.711;196.38;179.975;149.284;176.425;173.227;165.489;194.717;215.612;190.775;97.473;309.659;140.111;218.187;163.634;199.673;248.608;240.331;302.194;289.732;147.612;233.437;273.161;0.0;180.512;204.645;216.385;0.0;194.506;252.215;240.324;128.175;427.357;195.952;230.682;172.501;299.834;431.607
fev'24;201.092;260.998;249.475;156.724;196.81;198.61;182.641;147.231;178.027;177.866;166.208;192.806;216.462;191.617;99.292;313.628;140.854;216.202;162.799;201.244;247.209;246.064;311.777;300.682;151.688;239.368;269.041;0.0;176.559;216.052;238.491;0.0;198.392;251.601;239.04;140.52;434.197;202.914;238.146;173.805;298.845;433.385
mar'24;201.026;265.236;245.509;156.169;197.284;198.789;181.042;143.2;179.98;176.566;164.774;194.103;217.286;193.556;99.263;312.434;144.279;215.549;162.525;203.414;251.182;246.343;340.938;304.932;152.187;239.072;271.696;0.0;174.248;216.049;233.185;0.0;196.934;247.878;244.886;141.79;440.238;205.06;237.317;174.641;284.31;436.88
apr'24;202.55;264.727;244.817;156.897;202.213;200.758;181.601;144.911;181.805;175.443;167.478;191.203;218.143;194.022;99.267;304.599;141.984;217.408;164.144;202.496;256.153;246.075;351.031;308.063;152.018;238.286;271.459;231.35;182.799;218.028;232.93;0.0;195.526;246.972;245.634;143.06;443.516;206.275;239.574;174.154;289.097;443.711
maj'24;202.846;266.811;246.448;156.59;201.656;198.571;182.877;144.444;181.153;178.017;166.505;188.46;218.933;193.727;99.344;305.634;143.017;218.669;164.045;201.863;259.87;247.787;358.088;330.76;154.047;244.409;276.073;0.0;184.33;223.112;232.972;0.0;193.664;255.54;242.793;145.159;455.317;207.036;234.468;174.784;291.803;462.191
ijun'24;202.746;267.619;247.604;156.84;201.803;197.288;181.931;144.788;182.359;178.459;163.781;189.561;219.447;193.448;99.131;304.639;144.469;218.564;162.891;199.748;259.616;246.293;385.756;329.017;157.042;235.15;281.681;0.0;180.91;224.335;236.366;298.629;200.702;257.787;245.351;144.312;489.441;207.731;231.471;173.926;331.853;463.048
ijul'24;199.412;272.888;247.726;149.951;200.443;185.061;172.534;144.825;179.772;171.246;154.199;187.999;217.445;188.895;92.926;307.369;143.292;219.54;160.297;188.498;254.571;244.626;403.253;332.728;159.049;238.631;283.123;0.0;183.743;223.682;239.567;295.617;204.633;264.659;265.19;141.169;492.404;212.205;233.024;180.373;326.02;513.636
avg'24;201.264;275.569;255.49;151.587;202.382;187.198;174.701;144.748;182.844;172.864;160.335;192.04;213.677;190.302;94.966;317.699;140.39;222.568;162.468;189.412;256.17;242.34;394.292;336.592;156.194;226.726;291.142;0.0;167.726;222.065;251.98;302.227;224.032;261.372;268.68;140.072;500.08;223.262;229.966;182.412;320.062;519.512
sen'24;201.185;264.358;262.845;151.265;200.515;189.0;177.837;149.539;178.332;170.449;167.103;190.631;213.019;190.329;94.977;325.362;139.827;223.578;163.545;195.051;260.251;241.187;388.468;334.705;155.386;224.722;290.75;301.372;165.768;225.188;244.586;300.116;236.187;274.248;270.62;141.988;526.994;222.982;229.852;189.013;317.456;523.056
okt'24;199.802;269.169;264.713;148.992;197.318;190.506;175.011;148.268;180.912;165.462;160.146;196.797;212.529;189.137;93.793;328.411;140.833;221.573;165.899;200.871;272.743;243.365;392.052;339.389;156.706;235.26;300.047;0.0;166.9;239.94;259.326;300.651;236.945;289.087;282.191;145.568;531.585;221.485;235.57;187.643;323.368;525.475
noja'24;200.967;264.324;268.206;148.103;198.758;188.989;174.507;150.126;179.405;165.819;162.322;197.432;217.746;189.428;93.703;330.219;142.231;221.883;164.841;200.552;276.135;245.99;405.468;350.823;159.739;240.444;302.377;0.0;169.777;240.048;256.912;272.119;250.667;290.299;301.436;146.956;553.08;212.785;255.339;190.674;330.626;545.964
dek'24;203.115;268.373;265.363;149.584;202.748;196.891;175.714;149.46;181.209;170.98;161.971;197.662;218.845;194.016;95.925;331.503;142.145;224.449;165.383;202.876;273.476;248.603;399.307;355.102;158.488;249.021;305.903;0.0;174.031;228.047;255.898;272.421;254.083;282.626;294.717;147.102;587.769;223.361;258.317;203.378;330.467;567.343
janv'25;202.463;271.403;271.329;149.906;203.008;192.574;175.166;147.603;178.355;167.918;169.529;198.646;213.876;192.684;93.542;324.391;143.582;224.034;166.999;206.505;266.548;250.132;396.302;363.292;159.75;256.136;307.852;0.0;174.049;241.263;251.726;272.823;261.333;296.363;292.639;146.732;619.06;224.695;257.658;198.62;338.893;575.577
fev'25;205.124;277.395;267.128;149.446;207.042;196.931;176.281;150.817;179.173;169.917;159.755;197.926;217.782;197.891;93.775;314.768;143.735;227.957;165.25;205.336;267.976;257.267;406.126;373.888;162.051;256.657;309.266;0.0;173.009;242.802;250.706;258.801;262.036;293.964;276.874;149.486;628.002;227.219;245.118;200.742;338.546;594.155
mar'25;203.273;271.526;269.924;150.608;206.722;195.759;173.691;151.853;178.122;169.18;168.028;196.623;217.33;195.379;94.099;314.303;146.654;226.266;164.017;204.056;273.342;262.999;403.797;368.568;162.299;249.974;307.755;0.0;171.184;233.926;234.164;255.765;269.573;292.426;282.658;153.763;616.75;233.65;245.164;201.319;341.801;583.443
apr'25;201.533;269.017;266.814;150.482;207.916;192.544;171.094;143.454;176.001;168.841;157.249;196.258;213.564;193.054;94.897;298.385;148.81;227.43;164.681;188.819;256.822;268.651;404.407;375.828;166.3;246.666;308.568;0.0;167.758;236.892;255.347;248.323;318.146;307.054;286.518;156.122;603.209;233.528;239.74;202.55;360.752;595.175
maj'25;206.102;270.303;268.214;150.758;209.723;193.237;173.533;149.247;179.317;170.572;165.792;197.344;217.274;199.842;95.402;306.655;150.205;229.385;164.007;192.138;270.597;267.836;433.582;377.454;165.284;251.86;309.152;0.0;166.962;245.991;274.477;250.327;342.141;307.718;289.679;145.365;614.438;232.457;232.025;205.381;361.159;576.23
ijun'25;205.778;271.909;271.869;148.983;208.753;187.138;175.91;149.8;176.222;171.144;156.599;203.031;216.542;199.851;94.747;300.581;152.728;228.401;161.88;191.789;270.137;277.877;440.852;392.892;163.197;260.848;319.447;0.0;172.529;253.936;269.645;236.936;334.322;307.818;299.526;155.486;625.599;235.178;244.516;206.014;349.097;588.15
ijul'25;205.707;277.444;288.201;150.099;212.243;187.379;169.634;148.819;180.131;170.592;159.543;197.098;217.807;198.918;94.622;297.571;150.461;230.025;163.983;190.93;277.981;266.982;465.729;395.06;165.377;252.625;314.584;0.0;173.982;257.895;264.759;243.402;332.006;310.095;302.221;160.811;624.506;232.642;233.535;208.704;355.19;616.553
